Cell1,Group2
Cell2,Group1
Cell3,Group3
Cell4,Group3
Cell5,Group2
Cell6,Group1
Cell7,Group3
Cell8,Group3
Cell9,Group1
Cell10,Group1
Cell11,Group1
Cell12,Group1
Cell13,Group1
Cell14,Group3
Cell15,Group2
Cell16,Group1
Cell17,Group1
Cell18,Group2
Cell19,Group2
Cell20,Group2
Cell21,Group2
Cell22,Group3
Cell23,Group3
Cell24,Group1
Cell25,Group1
Cell26,Group2
Cell27,Group2
Cell28,Group1
Cell29,Group3
Cell30,Group2
Cell31,Group3
Cell32,Group1
Cell33,Group2
Cell34,Group1
Cell35,Group3
Cell36,Group1
Cell37,Group3
Cell38,Group3
Cell39,Group3
Cell40,Group2
Cell41,Group2
Cell42,Group2
Cell43,Group1
Cell44,Group2
Cell45,Group2
Cell46,Group1
Cell47,Group2
Cell48,Group2
Cell49,Group2
Cell50,Group1
Cell51,Group1
Cell52,Group1
Cell53,Group2
Cell54,Group2
Cell55,Group1
Cell56,Group3
Cell57,Group1
Cell58,Group2
Cell59,Group2
Cell60,Group1
Cell61,Group3
Cell62,Group2
Cell63,Group2
Cell64,Group2
Cell65,Group3
Cell66,Group2
Cell67,Group2
Cell68,Group3
Cell69,Group1
Cell70,Group1
Cell71,Group1
Cell72,Group2
Cell73,Group2
Cell74,Group1
Cell75,Group1
Cell76,Group1
Cell77,Group2
Cell78,Group2
Cell79,Group3
Cell80,Group3
Cell81,Group1
Cell82,Group2
Cell83,Group3
Cell84,Group1
Cell85,Group3
Cell86,Group1
Cell87,Group1
Cell88,Group1
Cell89,Group2
Cell90,Group3
Cell91,Group2
Cell92,Group2
Cell93,Group3
Cell94,Group2
Cell95,Group3
Cell96,Group1
Cell97,Group1
Cell98,Group3
Cell99,Group2
Cell100,Group2
Cell101,Group2
Cell102,Group3
Cell103,Group2
Cell104,Group3
Cell105,Group2
Cell106,Group3
Cell107,Group3
Cell108,Group3
Cell109,Group2
Cell110,Group3
Cell111,Group2
Cell112,Group1
Cell113,Group2
Cell114,Group2
Cell115,Group3
Cell116,Group2
Cell117,Group1
Cell118,Group2
Cell119,Group3
Cell120,Group1
Cell121,Group1
Cell122,Group3
Cell123,Group2
Cell124,Group2
Cell125,Group1
Cell126,Group2
Cell127,Group3
Cell128,Group3
Cell129,Group3
Cell130,Group1
Cell131,Group3
Cell132,Group1
Cell133,Group2
Cell134,Group2
Cell135,Group3
Cell136,Group3
Cell137,Group3
Cell138,Group1
Cell139,Group1
Cell140,Group1
Cell141,Group3
Cell142,Group3
Cell143,Group2
Cell144,Group1
Cell145,Group1
Cell146,Group2
Cell147,Group1
Cell148,Group2
Cell149,Group2
Cell150,Group3
Cell151,Group1
Cell152,Group1
Cell153,Group3
Cell154,Group2
Cell155,Group1
Cell156,Group3
Cell157,Group3
Cell158,Group2
Cell159,Group3
Cell160,Group1
Cell161,Group3
Cell162,Group2
Cell163,Group2
Cell164,Group1
Cell165,Group2
Cell166,Group2
Cell167,Group1
Cell168,Group2
Cell169,Group3
Cell170,Group3
Cell171,Group2
Cell172,Group1
Cell173,Group1
Cell174,Group2
Cell175,Group1
Cell176,Group2
Cell177,Group1
Cell178,Group2
Cell179,Group2
Cell180,Group2
Cell181,Group1
Cell182,Group3
Cell183,Group1
Cell184,Group3
Cell185,Group1
Cell186,Group1
Cell187,Group2
Cell188,Group1
Cell189,Group1
Cell190,Group3
Cell191,Group3
Cell192,Group2
Cell193,Group3
Cell194,Group2
Cell195,Group2
Cell196,Group2
Cell197,Group3
Cell198,Group2
Cell199,Group3
Cell200,Group2
Cell201,Group2
Cell202,Group2
Cell203,Group3
Cell204,Group2
Cell205,Group2
Cell206,Group3
Cell207,Group2
Cell208,Group2
Cell209,Group3
Cell210,Group2
Cell211,Group1
Cell212,Group2
Cell213,Group1
Cell214,Group1
Cell215,Group3
Cell216,Group2
Cell217,Group2
Cell218,Group3
Cell219,Group3
Cell220,Group1
Cell221,Group2
Cell222,Group2
Cell223,Group2
Cell224,Group2
Cell225,Group2
Cell226,Group2
Cell227,Group1
Cell228,Group3
Cell229,Group1
Cell230,Group3
Cell231,Group3
Cell232,Group1
Cell233,Group2
Cell234,Group3
Cell235,Group3
Cell236,Group2
Cell237,Group1
Cell238,Group1
Cell239,Group2
Cell240,Group2
Cell241,Group2
Cell242,Group2
Cell243,Group1
Cell244,Group3
Cell245,Group1
Cell246,Group1
Cell247,Group2
Cell248,Group3
Cell249,Group3
Cell250,Group3
Cell251,Group3
Cell252,Group3
Cell253,Group3
Cell254,Group2
Cell255,Group1
Cell256,Group3
Cell257,Group1
Cell258,Group1
Cell259,Group1
Cell260,Group2
Cell261,Group2
Cell262,Group3
Cell263,Group3
Cell264,Group2
Cell265,Group2
Cell266,Group2
Cell267,Group3
Cell268,Group2
Cell269,Group1
Cell270,Group1
Cell271,Group1
Cell272,Group3
Cell273,Group2
Cell274,Group2
Cell275,Group2
Cell276,Group1
Cell277,Group3
Cell278,Group1
Cell279,Group1
Cell280,Group1
Cell281,Group1
Cell282,Group3
Cell283,Group3
Cell284,Group2
Cell285,Group2
Cell286,Group3
Cell287,Group2
Cell288,Group1
Cell289,Group3
Cell290,Group3
Cell291,Group1
Cell292,Group3
Cell293,Group3
Cell294,Group3
Cell295,Group2
Cell296,Group2
Cell297,Group1
Cell298,Group3
Cell299,Group2
Cell300,Group3
Cell301,Group1
Cell302,Group2
Cell303,Group1
Cell304,Group3
Cell305,Group3
Cell306,Group3
Cell307,Group3
Cell308,Group2
Cell309,Group3
Cell310,Group3
Cell311,Group3
Cell312,Group3
Cell313,Group2
Cell314,Group1
Cell315,Group2
Cell316,Group1
Cell317,Group2
Cell318,Group2
Cell319,Group2
Cell320,Group3
Cell321,Group3
Cell322,Group3
Cell323,Group2
Cell324,Group2
Cell325,Group2
Cell326,Group1
Cell327,Group3
Cell328,Group2
Cell329,Group2
Cell330,Group1
Cell331,Group2
Cell332,Group1
Cell333,Group1
Cell334,Group2
Cell335,Group2
Cell336,Group3
Cell337,Group3
Cell338,Group1
Cell339,Group2
Cell340,Group1
Cell341,Group2
Cell342,Group2
Cell343,Group2
Cell344,Group3
Cell345,Group3
Cell346,Group3
Cell347,Group3
Cell348,Group2
Cell349,Group3
Cell350,Group2
Cell351,Group1
Cell352,Group2
Cell353,Group2
Cell354,Group3
Cell355,Group1
Cell356,Group2
Cell357,Group1
Cell358,Group3
Cell359,Group1
Cell360,Group1
Cell361,Group2
Cell362,Group3
Cell363,Group1
Cell364,Group1
Cell365,Group1
Cell366,Group3
Cell367,Group3
Cell368,Group3
Cell369,Group2
Cell370,Group3
Cell371,Group2
Cell372,Group1
Cell373,Group2
Cell374,Group2
Cell375,Group3
Cell376,Group3
Cell377,Group2
Cell378,Group2
Cell379,Group1
Cell380,Group2
Cell381,Group1
Cell382,Group1
Cell383,Group1
Cell384,Group3
Cell385,Group3
Cell386,Group2
Cell387,Group1
Cell388,Group1
Cell389,Group2
Cell390,Group1
Cell391,Group2
Cell392,Group3
Cell393,Group3
Cell394,Group3
Cell395,Group2
Cell396,Group1
Cell397,Group3
Cell398,Group3
Cell399,Group1
Cell400,Group1
Cell401,Group1
Cell402,Group1
Cell403,Group3
Cell404,Group1
Cell405,Group1
Cell406,Group2
Cell407,Group1
Cell408,Group1
Cell409,Group2
Cell410,Group2
Cell411,Group1
Cell412,Group2
Cell413,Group3
Cell414,Group1
Cell415,Group2
Cell416,Group1
Cell417,Group1
Cell418,Group3
Cell419,Group3
Cell420,Group1
Cell421,Group1
Cell422,Group1
Cell423,Group1
Cell424,Group2
Cell425,Group2
Cell426,Group3
Cell427,Group2
Cell428,Group1
Cell429,Group2
Cell430,Group3
Cell431,Group3
Cell432,Group2
Cell433,Group1
Cell434,Group2
Cell435,Group1
Cell436,Group3
Cell437,Group2
Cell438,Group1
Cell439,Group3
Cell440,Group1
Cell441,Group3
Cell442,Group1
Cell443,Group1
Cell444,Group3
Cell445,Group1
Cell446,Group1
Cell447,Group3
Cell448,Group1
Cell449,Group3
Cell450,Group1
Cell451,Group1
Cell452,Group3
Cell453,Group1
Cell454,Group3
Cell455,Group1
Cell456,Group1
Cell457,Group2
Cell458,Group3
Cell459,Group2
Cell460,Group3
Cell461,Group3
Cell462,Group3
Cell463,Group3
Cell464,Group3
Cell465,Group3
Cell466,Group1
Cell467,Group3
Cell468,Group3
Cell469,Group1
Cell470,Group2
Cell471,Group1
Cell472,Group3
Cell473,Group3
Cell474,Group1
Cell475,Group2
Cell476,Group1
Cell477,Group1
Cell478,Group2
Cell479,Group3
Cell480,Group3
Cell481,Group2
Cell482,Group2
Cell483,Group3
Cell484,Group1
Cell485,Group3
Cell486,Group3
Cell487,Group1
Cell488,Group1
Cell489,Group2
Cell490,Group3
Cell491,Group2
Cell492,Group1
Cell493,Group3
Cell494,Group1
Cell495,Group1
Cell496,Group1
Cell497,Group2
Cell498,Group2
Cell499,Group3
Cell500,Group2
Cell501,Group3
Cell502,Group2
Cell503,Group1
Cell504,Group3
Cell505,Group2
Cell506,Group1
Cell507,Group3
Cell508,Group2
Cell509,Group2
Cell510,Group3
Cell511,Group1
Cell512,Group2
Cell513,Group2
Cell514,Group1
Cell515,Group1
Cell516,Group2
Cell517,Group2
Cell518,Group2
Cell519,Group3
Cell520,Group2
Cell521,Group3
Cell522,Group3
Cell523,Group2
Cell524,Group2
Cell525,Group3
Cell526,Group1
Cell527,Group3
Cell528,Group2
Cell529,Group3
Cell530,Group3
Cell531,Group1
Cell532,Group2
Cell533,Group1
Cell534,Group2
Cell535,Group2
Cell536,Group1
Cell537,Group3
Cell538,Group3
Cell539,Group1
Cell540,Group2
Cell541,Group1
Cell542,Group1
Cell543,Group2
Cell544,Group3
Cell545,Group3
Cell546,Group1
Cell547,Group2
Cell548,Group3
Cell549,Group2
Cell550,Group1
Cell551,Group1
Cell552,Group2
Cell553,Group1
Cell554,Group2
Cell555,Group1
Cell556,Group1
Cell557,Group2
Cell558,Group3
Cell559,Group2
Cell560,Group1
Cell561,Group2
Cell562,Group3
Cell563,Group1
Cell564,Group3
Cell565,Group2
Cell566,Group1
Cell567,Group1
Cell568,Group1
Cell569,Group1
Cell570,Group3
Cell571,Group2
Cell572,Group3
Cell573,Group2
Cell574,Group2
Cell575,Group1
Cell576,Group3
Cell577,Group3
Cell578,Group1
Cell579,Group1
Cell580,Group3
Cell581,Group1
Cell582,Group1
Cell583,Group1
Cell584,Group3
Cell585,Group2
Cell586,Group3
Cell587,Group2
Cell588,Group3
Cell589,Group1
Cell590,Group2
Cell591,Group2
Cell592,Group1
Cell593,Group1
Cell594,Group2
Cell595,Group3
Cell596,Group1
Cell597,Group3
Cell598,Group2
Cell599,Group1
Cell600,Group2
Cell601,Group3
Cell602,Group3
Cell603,Group1
Cell604,Group3
Cell605,Group1
Cell606,Group1
Cell607,Group2
Cell608,Group1
Cell609,Group2
Cell610,Group2
Cell611,Group2
Cell612,Group1
Cell613,Group2
Cell614,Group2
Cell615,Group1
Cell616,Group1
Cell617,Group2
Cell618,Group3
Cell619,Group1
Cell620,Group1
Cell621,Group1
Cell622,Group3
Cell623,Group3
Cell624,Group2
Cell625,Group2
Cell626,Group3
Cell627,Group3
Cell628,Group2
Cell629,Group1
Cell630,Group3
Cell631,Group3
Cell632,Group3
Cell633,Group2
Cell634,Group1
Cell635,Group1
Cell636,Group1
Cell637,Group2
Cell638,Group2
Cell639,Group2
Cell640,Group2
Cell641,Group2
Cell642,Group1
Cell643,Group1
Cell644,Group1
Cell645,Group1
Cell646,Group1
Cell647,Group1
Cell648,Group2
Cell649,Group2
Cell650,Group2
Cell651,Group1
Cell652,Group3
Cell653,Group2
Cell654,Group1
Cell655,Group2
Cell656,Group2
Cell657,Group3
Cell658,Group2
Cell659,Group3
Cell660,Group2
Cell661,Group2
Cell662,Group1
Cell663,Group3
Cell664,Group2
Cell665,Group2
Cell666,Group1
Cell667,Group1
Cell668,Group2
Cell669,Group1
Cell670,Group2
Cell671,Group3
Cell672,Group2
Cell673,Group3
Cell674,Group3
Cell675,Group1
Cell676,Group1
Cell677,Group3
Cell678,Group1
Cell679,Group1
Cell680,Group1
Cell681,Group2
Cell682,Group2
Cell683,Group3
Cell684,Group3
Cell685,Group3
Cell686,Group1
Cell687,Group1
Cell688,Group1
Cell689,Group2
Cell690,Group2
Cell691,Group3
Cell692,Group2
Cell693,Group3
Cell694,Group1
Cell695,Group1
Cell696,Group3
Cell697,Group1
Cell698,Group3
Cell699,Group2
Cell700,Group3
Cell701,Group3
Cell702,Group2
Cell703,Group1
Cell704,Group2
Cell705,Group3
Cell706,Group2
Cell707,Group1
Cell708,Group3
Cell709,Group3
Cell710,Group2
Cell711,Group1
Cell712,Group3
Cell713,Group3
Cell714,Group1
Cell715,Group3
Cell716,Group1
Cell717,Group2
Cell718,Group3
Cell719,Group1
Cell720,Group1
Cell721,Group3
Cell722,Group1
Cell723,Group3
Cell724,Group3
Cell725,Group1
Cell726,Group3
Cell727,Group2
Cell728,Group2
Cell729,Group1
Cell730,Group3
Cell731,Group2
Cell732,Group2
Cell733,Group2
Cell734,Group2
Cell735,Group3
Cell736,Group3
Cell737,Group1
Cell738,Group3
Cell739,Group3
Cell740,Group3
Cell741,Group1
Cell742,Group1
Cell743,Group1
Cell744,Group3
Cell745,Group3
Cell746,Group2
Cell747,Group3
Cell748,Group3
Cell749,Group3
Cell750,Group3
Cell751,Group1
Cell752,Group2
Cell753,Group2
Cell754,Group2
Cell755,Group2
Cell756,Group2
Cell757,Group1
Cell758,Group2
Cell759,Group3
Cell760,Group2
Cell761,Group3
Cell762,Group3
Cell763,Group2
Cell764,Group1
Cell765,Group3
Cell766,Group3
Cell767,Group1
Cell768,Group2
Cell769,Group2
Cell770,Group3
Cell771,Group2
Cell772,Group3
Cell773,Group2
Cell774,Group2
Cell775,Group2
Cell776,Group1
Cell777,Group2
Cell778,Group3
Cell779,Group1
Cell780,Group1
Cell781,Group2
Cell782,Group1
Cell783,Group2
Cell784,Group1
Cell785,Group2
Cell786,Group3
Cell787,Group1
Cell788,Group1
Cell789,Group2
Cell790,Group3
Cell791,Group3
Cell792,Group3
Cell793,Group1
Cell794,Group3
Cell795,Group1
Cell796,Group2
Cell797,Group2
Cell798,Group2
Cell799,Group3
Cell800,Group1
Cell801,Group3
Cell802,Group3
Cell803,Group1
Cell804,Group3
Cell805,Group2
Cell806,Group1
Cell807,Group1
Cell808,Group2
Cell809,Group2
Cell810,Group2
Cell811,Group3
Cell812,Group2
Cell813,Group1
Cell814,Group2
Cell815,Group3
Cell816,Group2
Cell817,Group2
Cell818,Group1
Cell819,Group2
Cell820,Group3
Cell821,Group1
Cell822,Group1
Cell823,Group1
Cell824,Group2
Cell825,Group1
Cell826,Group3
Cell827,Group3
Cell828,Group1
Cell829,Group2
Cell830,Group3
Cell831,Group2
Cell832,Group2
Cell833,Group2
Cell834,Group3
Cell835,Group3
Cell836,Group3
Cell837,Group2
Cell838,Group1
Cell839,Group2
Cell840,Group1
Cell841,Group3
Cell842,Group2
Cell843,Group2
Cell844,Group1
Cell845,Group1
Cell846,Group3
Cell847,Group2
Cell848,Group2
Cell849,Group3
Cell850,Group3
Cell851,Group2
Cell852,Group1
Cell853,Group3
Cell854,Group3
Cell855,Group1
Cell856,Group3
Cell857,Group3
Cell858,Group1
Cell859,Group1
Cell860,Group1
Cell861,Group1
Cell862,Group3
Cell863,Group2
Cell864,Group1
Cell865,Group2
Cell866,Group1
Cell867,Group1
Cell868,Group3
Cell869,Group3
Cell870,Group3
Cell871,Group1
Cell872,Group3
Cell873,Group1
Cell874,Group2
Cell875,Group1
Cell876,Group1
Cell877,Group1
Cell878,Group1
Cell879,Group1
Cell880,Group2
Cell881,Group1
Cell882,Group2
Cell883,Group1
Cell884,Group1
Cell885,Group2
Cell886,Group1
Cell887,Group3
Cell888,Group2
Cell889,Group1
Cell890,Group2
Cell891,Group2
Cell892,Group1
Cell893,Group3
Cell894,Group3
Cell895,Group3
Cell896,Group2
Cell897,Group2
Cell898,Group2
Cell899,Group1
Cell900,Group2
Cell901,Group1
Cell902,Group1
Cell903,Group2
Cell904,Group3
Cell905,Group2
Cell906,Group2
Cell907,Group1
Cell908,Group1
Cell909,Group3
Cell910,Group1
Cell911,Group1
Cell912,Group1
Cell913,Group1
Cell914,Group2
Cell915,Group3
Cell916,Group2
Cell917,Group2
Cell918,Group2
Cell919,Group1
Cell920,Group2
Cell921,Group1
Cell922,Group3
Cell923,Group3
Cell924,Group3
Cell925,Group2
Cell926,Group1
Cell927,Group2
Cell928,Group1
Cell929,Group2
Cell930,Group2
Cell931,Group1
Cell932,Group2
Cell933,Group2
Cell934,Group3
Cell935,Group1
Cell936,Group1
Cell937,Group2
Cell938,Group2
Cell939,Group2
Cell940,Group1
Cell941,Group2
Cell942,Group2
Cell943,Group3
Cell944,Group1
Cell945,Group1
Cell946,Group3
Cell947,Group2
Cell948,Group2
Cell949,Group2
Cell950,Group2
Cell951,Group3
Cell952,Group3
Cell953,Group1
Cell954,Group1
Cell955,Group1
Cell956,Group1
Cell957,Group1
Cell958,Group3
Cell959,Group1
Cell960,Group1
Cell961,Group2
Cell962,Group2
Cell963,Group2
Cell964,Group1
Cell965,Group1
Cell966,Group1
Cell967,Group2
Cell968,Group3
Cell969,Group2
Cell970,Group2
Cell971,Group3
Cell972,Group2
Cell973,Group1
Cell974,Group3
Cell975,Group3
Cell976,Group1
Cell977,Group1
Cell978,Group2
Cell979,Group1
Cell980,Group2
Cell981,Group1
Cell982,Group2
Cell983,Group3
Cell984,Group3
Cell985,Group2
Cell986,Group3
Cell987,Group1
Cell988,Group3
Cell989,Group3
Cell990,Group3
Cell991,Group3
Cell992,Group2
Cell993,Group3
Cell994,Group3
Cell995,Group1
Cell996,Group2
Cell997,Group1
Cell998,Group3
Cell999,Group3
Cell1000,Group2
Cell1001,Group3
Cell1002,Group2
Cell1003,Group1
Cell1004,Group2
Cell1005,Group1
Cell1006,Group1
Cell1007,Group3
Cell1008,Group1
Cell1009,Group3
Cell1010,Group3
Cell1011,Group1
Cell1012,Group1
Cell1013,Group2
Cell1014,Group3
Cell1015,Group3
Cell1016,Group2
Cell1017,Group3
Cell1018,Group2
Cell1019,Group2
Cell1020,Group2
Cell1021,Group2
Cell1022,Group3
Cell1023,Group3
Cell1024,Group2
Cell1025,Group2
Cell1026,Group2
Cell1027,Group3
Cell1028,Group3
Cell1029,Group2
Cell1030,Group2
Cell1031,Group3
Cell1032,Group3
Cell1033,Group2
Cell1034,Group1
Cell1035,Group3
Cell1036,Group2
Cell1037,Group2
Cell1038,Group1
Cell1039,Group3
Cell1040,Group1
Cell1041,Group1
Cell1042,Group1
Cell1043,Group2
Cell1044,Group3
Cell1045,Group3
Cell1046,Group2
Cell1047,Group3
Cell1048,Group2
Cell1049,Group3
Cell1050,Group3
Cell1051,Group2
Cell1052,Group1
Cell1053,Group3
Cell1054,Group1
Cell1055,Group1
Cell1056,Group3
Cell1057,Group2
Cell1058,Group3
Cell1059,Group1
Cell1060,Group2
Cell1061,Group1
Cell1062,Group2
Cell1063,Group3
Cell1064,Group3
Cell1065,Group1
Cell1066,Group3
Cell1067,Group1
Cell1068,Group2
Cell1069,Group3
Cell1070,Group2
Cell1071,Group3
Cell1072,Group3
Cell1073,Group2
Cell1074,Group2
Cell1075,Group2
Cell1076,Group3
Cell1077,Group1
Cell1078,Group2
Cell1079,Group1
Cell1080,Group1
Cell1081,Group2
Cell1082,Group3
Cell1083,Group1
Cell1084,Group2
Cell1085,Group2
Cell1086,Group2
Cell1087,Group3
Cell1088,Group1
Cell1089,Group2
Cell1090,Group2
Cell1091,Group1
Cell1092,Group1
Cell1093,Group3
Cell1094,Group3
Cell1095,Group2
Cell1096,Group3
Cell1097,Group3
Cell1098,Group2
Cell1099,Group3
Cell1100,Group2
Cell1101,Group3
Cell1102,Group3
Cell1103,Group1
Cell1104,Group3
Cell1105,Group1
Cell1106,Group1
Cell1107,Group2
Cell1108,Group1
Cell1109,Group2
Cell1110,Group1
Cell1111,Group3
Cell1112,Group2
Cell1113,Group1
Cell1114,Group1
Cell1115,Group2
Cell1116,Group1
Cell1117,Group1
Cell1118,Group3
Cell1119,Group2
Cell1120,Group3
Cell1121,Group3
Cell1122,Group3
Cell1123,Group2
Cell1124,Group3
Cell1125,Group2
Cell1126,Group1
Cell1127,Group3
Cell1128,Group1
Cell1129,Group3
Cell1130,Group3
Cell1131,Group3
Cell1132,Group1
Cell1133,Group2
Cell1134,Group1
Cell1135,Group3
Cell1136,Group3
Cell1137,Group3
Cell1138,Group3
Cell1139,Group1
Cell1140,Group3
Cell1141,Group1
Cell1142,Group3
Cell1143,Group2
Cell1144,Group1
Cell1145,Group2
Cell1146,Group1
Cell1147,Group2
Cell1148,Group1
Cell1149,Group1
Cell1150,Group2
Cell1151,Group3
Cell1152,Group3
Cell1153,Group3
Cell1154,Group1
Cell1155,Group3
Cell1156,Group2
Cell1157,Group1
Cell1158,Group3
Cell1159,Group3
Cell1160,Group2
Cell1161,Group1
Cell1162,Group1
Cell1163,Group3
Cell1164,Group2
Cell1165,Group3
Cell1166,Group3
Cell1167,Group2
Cell1168,Group2
Cell1169,Group2
Cell1170,Group1
Cell1171,Group3
Cell1172,Group2
Cell1173,Group2
Cell1174,Group3
Cell1175,Group1
Cell1176,Group2
Cell1177,Group3
Cell1178,Group1
Cell1179,Group2
Cell1180,Group3
Cell1181,Group2
Cell1182,Group2
Cell1183,Group1
Cell1184,Group3
Cell1185,Group2
Cell1186,Group1
Cell1187,Group1
Cell1188,Group2
Cell1189,Group1
Cell1190,Group2
Cell1191,Group3
Cell1192,Group1
Cell1193,Group2
Cell1194,Group2
Cell1195,Group2
Cell1196,Group3
Cell1197,Group2
Cell1198,Group2
Cell1199,Group2
Cell1200,Group3
Cell1201,Group2
Cell1202,Group1
Cell1203,Group2
Cell1204,Group3
Cell1205,Group1
Cell1206,Group2
Cell1207,Group3
Cell1208,Group2
Cell1209,Group1
Cell1210,Group3
Cell1211,Group3
Cell1212,Group2
Cell1213,Group1
Cell1214,Group1
Cell1215,Group2
Cell1216,Group3
Cell1217,Group3
Cell1218,Group3
Cell1219,Group3
Cell1220,Group2
Cell1221,Group2
Cell1222,Group3
Cell1223,Group1
Cell1224,Group2
Cell1225,Group2
Cell1226,Group2
Cell1227,Group1
Cell1228,Group2
Cell1229,Group3
Cell1230,Group2
Cell1231,Group2
Cell1232,Group2
Cell1233,Group3
Cell1234,Group1
Cell1235,Group1
Cell1236,Group1
Cell1237,Group2
Cell1238,Group3
Cell1239,Group2
Cell1240,Group1
Cell1241,Group1
Cell1242,Group1
Cell1243,Group2
Cell1244,Group2
Cell1245,Group2
Cell1246,Group2
Cell1247,Group2
Cell1248,Group2
Cell1249,Group3
Cell1250,Group1
Cell1251,Group1
Cell1252,Group3
Cell1253,Group3
Cell1254,Group1
Cell1255,Group1
Cell1256,Group3
Cell1257,Group1
Cell1258,Group2
Cell1259,Group3
Cell1260,Group3
Cell1261,Group3
Cell1262,Group1
Cell1263,Group3
Cell1264,Group3
Cell1265,Group2
Cell1266,Group3
Cell1267,Group2
Cell1268,Group2
Cell1269,Group3
Cell1270,Group1
Cell1271,Group2
Cell1272,Group3
Cell1273,Group1
Cell1274,Group1
Cell1275,Group3
Cell1276,Group1
Cell1277,Group2
Cell1278,Group1
Cell1279,Group2
Cell1280,Group2
Cell1281,Group3
Cell1282,Group3
Cell1283,Group3
Cell1284,Group3
Cell1285,Group3
Cell1286,Group1
Cell1287,Group2
Cell1288,Group1
Cell1289,Group2
Cell1290,Group2
Cell1291,Group3
Cell1292,Group1
Cell1293,Group3
Cell1294,Group2
Cell1295,Group1
Cell1296,Group3
Cell1297,Group2
Cell1298,Group2
Cell1299,Group3
Cell1300,Group3
Cell1301,Group2
Cell1302,Group2
Cell1303,Group2
Cell1304,Group3
Cell1305,Group3
Cell1306,Group2
Cell1307,Group1
Cell1308,Group2
Cell1309,Group1
Cell1310,Group3
Cell1311,Group2
Cell1312,Group3
Cell1313,Group3
Cell1314,Group2
Cell1315,Group3
Cell1316,Group3
Cell1317,Group2
Cell1318,Group2
Cell1319,Group1
Cell1320,Group1
Cell1321,Group2
Cell1322,Group3
Cell1323,Group3
Cell1324,Group3
Cell1325,Group2
Cell1326,Group1
Cell1327,Group2
Cell1328,Group2
Cell1329,Group2
Cell1330,Group1
Cell1331,Group1
Cell1332,Group1
Cell1333,Group3
Cell1334,Group1
Cell1335,Group2
Cell1336,Group1
Cell1337,Group3
Cell1338,Group2
Cell1339,Group3
Cell1340,Group3
Cell1341,Group2
Cell1342,Group2
Cell1343,Group2
Cell1344,Group2
Cell1345,Group2
Cell1346,Group3
Cell1347,Group3
Cell1348,Group3
Cell1349,Group2
Cell1350,Group1
Cell1351,Group2
Cell1352,Group1
Cell1353,Group3
Cell1354,Group2
Cell1355,Group1
Cell1356,Group3
Cell1357,Group3
Cell1358,Group1
Cell1359,Group2
Cell1360,Group3
Cell1361,Group1
Cell1362,Group2
Cell1363,Group1
Cell1364,Group3
Cell1365,Group1
Cell1366,Group2
Cell1367,Group3
Cell1368,Group3
Cell1369,Group2
Cell1370,Group1
Cell1371,Group1
Cell1372,Group3
Cell1373,Group2
Cell1374,Group3
Cell1375,Group2
Cell1376,Group3
Cell1377,Group1
Cell1378,Group1
Cell1379,Group3
Cell1380,Group1
Cell1381,Group3
Cell1382,Group3
Cell1383,Group3
Cell1384,Group2
Cell1385,Group1
Cell1386,Group1
Cell1387,Group2
Cell1388,Group2
Cell1389,Group2
Cell1390,Group1
Cell1391,Group3
Cell1392,Group2
Cell1393,Group2
Cell1394,Group2
Cell1395,Group3
Cell1396,Group1
Cell1397,Group3
Cell1398,Group3
Cell1399,Group2
Cell1400,Group1
Cell1401,Group3
Cell1402,Group1
Cell1403,Group3
Cell1404,Group2
Cell1405,Group3
Cell1406,Group1
Cell1407,Group2
Cell1408,Group2
Cell1409,Group3
Cell1410,Group2
Cell1411,Group1
Cell1412,Group3
Cell1413,Group1
Cell1414,Group1
Cell1415,Group2
Cell1416,Group3
Cell1417,Group3
Cell1418,Group3
Cell1419,Group3
Cell1420,Group2
Cell1421,Group1
Cell1422,Group3
Cell1423,Group3
Cell1424,Group2
Cell1425,Group2
Cell1426,Group3
Cell1427,Group1
Cell1428,Group3
Cell1429,Group3
Cell1430,Group3
Cell1431,Group1
Cell1432,Group3
Cell1433,Group2
Cell1434,Group1
Cell1435,Group1
Cell1436,Group1
Cell1437,Group1
Cell1438,Group2
Cell1439,Group1
Cell1440,Group1
Cell1441,Group1
Cell1442,Group3
Cell1443,Group3
Cell1444,Group1
Cell1445,Group2
Cell1446,Group1
Cell1447,Group3
Cell1448,Group2
Cell1449,Group3
Cell1450,Group3
Cell1451,Group3
Cell1452,Group1
Cell1453,Group2
Cell1454,Group3
Cell1455,Group1
Cell1456,Group2
Cell1457,Group2
Cell1458,Group2
Cell1459,Group2
Cell1460,Group2
Cell1461,Group3
Cell1462,Group2
Cell1463,Group3
Cell1464,Group2
Cell1465,Group2
Cell1466,Group3
Cell1467,Group1
Cell1468,Group1
Cell1469,Group3
Cell1470,Group2
Cell1471,Group2
Cell1472,Group1
Cell1473,Group1
Cell1474,Group3
Cell1475,Group1
Cell1476,Group3
Cell1477,Group2
Cell1478,Group2
Cell1479,Group3
Cell1480,Group1
Cell1481,Group2
Cell1482,Group2
Cell1483,Group2
Cell1484,Group1
Cell1485,Group3
Cell1486,Group2
Cell1487,Group1
Cell1488,Group1
Cell1489,Group2
Cell1490,Group2
Cell1491,Group1
Cell1492,Group2
Cell1493,Group2
Cell1494,Group3
Cell1495,Group3
Cell1496,Group2
Cell1497,Group2
Cell1498,Group3
Cell1499,Group1
Cell1500,Group1
Cell1501,Group3
Cell1502,Group2
Cell1503,Group2
Cell1504,Group1
Cell1505,Group2
Cell1506,Group3
Cell1507,Group3
Cell1508,Group1
Cell1509,Group3
Cell1510,Group1
Cell1511,Group2
Cell1512,Group3
Cell1513,Group3
Cell1514,Group3
Cell1515,Group1
Cell1516,Group3
Cell1517,Group1
Cell1518,Group2
Cell1519,Group2
Cell1520,Group3
Cell1521,Group1
Cell1522,Group1
Cell1523,Group3
Cell1524,Group2
Cell1525,Group1
Cell1526,Group3
Cell1527,Group3
Cell1528,Group3
Cell1529,Group3
Cell1530,Group2
Cell1531,Group1
Cell1532,Group2
Cell1533,Group1
Cell1534,Group2
Cell1535,Group3
Cell1536,Group2
Cell1537,Group3
Cell1538,Group1
Cell1539,Group3
Cell1540,Group3
Cell1541,Group1
Cell1542,Group3
Cell1543,Group2
Cell1544,Group3
Cell1545,Group1
Cell1546,Group2
Cell1547,Group1
Cell1548,Group1
Cell1549,Group1
Cell1550,Group2
Cell1551,Group1
Cell1552,Group1
Cell1553,Group2
Cell1554,Group3
Cell1555,Group3
Cell1556,Group1
Cell1557,Group2
Cell1558,Group2
Cell1559,Group3
Cell1560,Group2
Cell1561,Group2
Cell1562,Group2
Cell1563,Group2
Cell1564,Group2
Cell1565,Group3
Cell1566,Group3
Cell1567,Group2
Cell1568,Group3
Cell1569,Group3
Cell1570,Group2
Cell1571,Group2
Cell1572,Group1
Cell1573,Group2
Cell1574,Group2
Cell1575,Group2
Cell1576,Group1
Cell1577,Group3
Cell1578,Group2
Cell1579,Group3
Cell1580,Group1
Cell1581,Group3
Cell1582,Group2
Cell1583,Group1
Cell1584,Group1
Cell1585,Group1
Cell1586,Group1
Cell1587,Group2
Cell1588,Group3
Cell1589,Group2
Cell1590,Group1
Cell1591,Group3
Cell1592,Group3
Cell1593,Group2
Cell1594,Group1
Cell1595,Group1
Cell1596,Group2
Cell1597,Group1
Cell1598,Group1
Cell1599,Group3
Cell1600,Group1
Cell1601,Group2
Cell1602,Group1
Cell1603,Group1
Cell1604,Group2
Cell1605,Group2
Cell1606,Group3
Cell1607,Group1
Cell1608,Group2
Cell1609,Group3
Cell1610,Group1
Cell1611,Group1
Cell1612,Group1
Cell1613,Group3
Cell1614,Group3
Cell1615,Group2
Cell1616,Group2
Cell1617,Group2
Cell1618,Group2
Cell1619,Group1
Cell1620,Group3
Cell1621,Group3
Cell1622,Group1
Cell1623,Group2
Cell1624,Group3
Cell1625,Group3
Cell1626,Group1
Cell1627,Group1
Cell1628,Group1
Cell1629,Group3
Cell1630,Group3
Cell1631,Group2
Cell1632,Group3
Cell1633,Group2
Cell1634,Group3
Cell1635,Group1
Cell1636,Group3
Cell1637,Group2
Cell1638,Group3
Cell1639,Group3
Cell1640,Group3
Cell1641,Group2
Cell1642,Group1
Cell1643,Group3
Cell1644,Group2
Cell1645,Group3
Cell1646,Group1
Cell1647,Group2
Cell1648,Group2
Cell1649,Group1
Cell1650,Group1
Cell1651,Group3
Cell1652,Group3
Cell1653,Group2
Cell1654,Group3
Cell1655,Group3
Cell1656,Group2
Cell1657,Group2
Cell1658,Group2
Cell1659,Group3
Cell1660,Group1
Cell1661,Group3
Cell1662,Group3
Cell1663,Group3
Cell1664,Group2
Cell1665,Group2
Cell1666,Group1
Cell1667,Group1
Cell1668,Group1
Cell1669,Group1
Cell1670,Group2
Cell1671,Group1
Cell1672,Group1
Cell1673,Group3
Cell1674,Group3
Cell1675,Group3
Cell1676,Group2
Cell1677,Group2
Cell1678,Group3
Cell1679,Group2
Cell1680,Group2
Cell1681,Group3
Cell1682,Group1
Cell1683,Group1
Cell1684,Group3
Cell1685,Group2
Cell1686,Group3
Cell1687,Group3
Cell1688,Group2
Cell1689,Group3
Cell1690,Group1
Cell1691,Group3
Cell1692,Group2
Cell1693,Group2
Cell1694,Group3
Cell1695,Group3
Cell1696,Group2
Cell1697,Group1
Cell1698,Group2
Cell1699,Group1
Cell1700,Group1
Cell1701,Group1
Cell1702,Group3
Cell1703,Group2
Cell1704,Group2
Cell1705,Group3
Cell1706,Group1
Cell1707,Group3
Cell1708,Group2
Cell1709,Group1
Cell1710,Group3
Cell1711,Group1
Cell1712,Group2
Cell1713,Group2
Cell1714,Group2
Cell1715,Group2
Cell1716,Group1
Cell1717,Group2
Cell1718,Group3
Cell1719,Group3
Cell1720,Group1
Cell1721,Group3
Cell1722,Group3
Cell1723,Group3
Cell1724,Group2
Cell1725,Group1
Cell1726,Group2
Cell1727,Group3
Cell1728,Group3
Cell1729,Group2
Cell1730,Group1
Cell1731,Group1
Cell1732,Group3
Cell1733,Group3
Cell1734,Group1
Cell1735,Group1
Cell1736,Group1
Cell1737,Group1
Cell1738,Group1
Cell1739,Group3
Cell1740,Group1
Cell1741,Group3
Cell1742,Group3
Cell1743,Group2
Cell1744,Group3
Cell1745,Group1
Cell1746,Group2
Cell1747,Group1
Cell1748,Group2
Cell1749,Group2
Cell1750,Group3
Cell1751,Group1
Cell1752,Group1
Cell1753,Group1
Cell1754,Group3
Cell1755,Group1
Cell1756,Group1
Cell1757,Group3
Cell1758,Group3
Cell1759,Group2
Cell1760,Group2
Cell1761,Group1
Cell1762,Group1
Cell1763,Group1
Cell1764,Group2
Cell1765,Group1
Cell1766,Group2
Cell1767,Group2
Cell1768,Group2
Cell1769,Group1
Cell1770,Group3
Cell1771,Group2
Cell1772,Group1
Cell1773,Group2
Cell1774,Group3
Cell1775,Group1
Cell1776,Group2
Cell1777,Group3
Cell1778,Group1
Cell1779,Group2
Cell1780,Group1
Cell1781,Group1
Cell1782,Group3
Cell1783,Group3
Cell1784,Group1
Cell1785,Group2
Cell1786,Group2
Cell1787,Group1
Cell1788,Group2
Cell1789,Group3
Cell1790,Group2
Cell1791,Group1
Cell1792,Group3
Cell1793,Group3
Cell1794,Group2
Cell1795,Group2
Cell1796,Group2
Cell1797,Group1
Cell1798,Group3
Cell1799,Group3
Cell1800,Group3
Cell1801,Group2
Cell1802,Group1
Cell1803,Group1
Cell1804,Group3
Cell1805,Group1
Cell1806,Group3
Cell1807,Group3
Cell1808,Group3
Cell1809,Group1
Cell1810,Group3
Cell1811,Group1
Cell1812,Group2
Cell1813,Group1
Cell1814,Group2
Cell1815,Group1
Cell1816,Group2
Cell1817,Group2
Cell1818,Group3
Cell1819,Group1
Cell1820,Group3
Cell1821,Group1
Cell1822,Group2
Cell1823,Group1
Cell1824,Group2
Cell1825,Group3
Cell1826,Group1
Cell1827,Group2
Cell1828,Group3
Cell1829,Group2
Cell1830,Group3
Cell1831,Group2
Cell1832,Group1
Cell1833,Group1
Cell1834,Group1
Cell1835,Group1
Cell1836,Group3
Cell1837,Group2
Cell1838,Group3
Cell1839,Group1
Cell1840,Group3
Cell1841,Group2
Cell1842,Group1
Cell1843,Group1
Cell1844,Group1
Cell1845,Group3
Cell1846,Group1
Cell1847,Group1
Cell1848,Group1
Cell1849,Group2
Cell1850,Group1
Cell1851,Group1
Cell1852,Group3
Cell1853,Group3
Cell1854,Group2
Cell1855,Group2
Cell1856,Group1
Cell1857,Group3
Cell1858,Group2
Cell1859,Group2
Cell1860,Group2
Cell1861,Group3
Cell1862,Group2
Cell1863,Group2
Cell1864,Group3
Cell1865,Group2
Cell1866,Group2
Cell1867,Group1
Cell1868,Group3
Cell1869,Group3
Cell1870,Group2
Cell1871,Group2
Cell1872,Group3
Cell1873,Group2
Cell1874,Group2
Cell1875,Group1
Cell1876,Group2
Cell1877,Group1
Cell1878,Group2
Cell1879,Group3
Cell1880,Group3
Cell1881,Group3
Cell1882,Group3
Cell1883,Group3
Cell1884,Group3
Cell1885,Group3
Cell1886,Group3
Cell1887,Group3
Cell1888,Group3
Cell1889,Group3
Cell1890,Group2
Cell1891,Group3
Cell1892,Group3
Cell1893,Group3
Cell1894,Group2
Cell1895,Group1
Cell1896,Group2
Cell1897,Group1
Cell1898,Group2
Cell1899,Group2
Cell1900,Group2
Cell1901,Group1
Cell1902,Group2
Cell1903,Group1
Cell1904,Group1
Cell1905,Group2
Cell1906,Group3
Cell1907,Group3
Cell1908,Group3
Cell1909,Group3
Cell1910,Group1
Cell1911,Group2
Cell1912,Group1
Cell1913,Group2
Cell1914,Group2
Cell1915,Group1
Cell1916,Group2
Cell1917,Group3
Cell1918,Group3
Cell1919,Group1
Cell1920,Group3
Cell1921,Group2
Cell1922,Group2
Cell1923,Group3
Cell1924,Group3
Cell1925,Group2
Cell1926,Group3
Cell1927,Group1
Cell1928,Group3
Cell1929,Group2
Cell1930,Group3
Cell1931,Group2
Cell1932,Group1
Cell1933,Group2
Cell1934,Group1
Cell1935,Group2
Cell1936,Group3
Cell1937,Group3
Cell1938,Group3
Cell1939,Group1
Cell1940,Group3
Cell1941,Group2
Cell1942,Group2
Cell1943,Group1
Cell1944,Group3
Cell1945,Group3
Cell1946,Group1
Cell1947,Group3
Cell1948,Group2
Cell1949,Group3
Cell1950,Group3
Cell1951,Group2
Cell1952,Group3
Cell1953,Group1
Cell1954,Group1
Cell1955,Group3
Cell1956,Group3
Cell1957,Group1
Cell1958,Group3
Cell1959,Group2
Cell1960,Group2
Cell1961,Group2
Cell1962,Group2
Cell1963,Group2
Cell1964,Group1
Cell1965,Group1
Cell1966,Group3
Cell1967,Group3
Cell1968,Group3
Cell1969,Group3
Cell1970,Group2
Cell1971,Group2
Cell1972,Group1
Cell1973,Group1
Cell1974,Group3
Cell1975,Group3
Cell1976,Group2
Cell1977,Group3
Cell1978,Group1
Cell1979,Group1
Cell1980,Group1
Cell1981,Group1
Cell1982,Group1
Cell1983,Group2
Cell1984,Group2
Cell1985,Group3
Cell1986,Group3
Cell1987,Group1
Cell1988,Group3
Cell1989,Group3
Cell1990,Group3
Cell1991,Group1
Cell1992,Group3
Cell1993,Group3
Cell1994,Group1
Cell1995,Group3
Cell1996,Group3
Cell1997,Group3
Cell1998,Group3
Cell1999,Group3
Cell2000,Group3
